project_id,project_name,display_name,transaction_count,gas_fees,active_days,is_eligible
rxrN8HnLLV8SOP3md3NfXpntywh7F7n5fuRMqFB3Upo=,0x4288aacdda65af69c03b2c9b9d057e2b93ed1b7671e481b03c6a7b33349d2365,Aerodrome Finance,796462467,1398.0467886659117,180,True
Jr4krZ4lp1dMiTRDwmF2R9Hw4mF3rsukcBCM4pnF/fc=,0x9d9162fac637991d2a56da8fbe03dba24c87eb82d47c7a00b921e39e956f8a9d,Uniswap on Superchain (Oku),174682190,2295.9541876692556,180,True
5/9fRbVoDF7pHwBdiMbNUbKhidEt/12Ojt9f8cWoZnQ=,0x08df6e20a3cfabbaf8f34d4f4d048fe7da40447c24be0f3ad513db6f13c755dd,Velodrome Finance,124266317,148.4375348476541,180,True
HgZEmwMqbOcnLVW065exx9nhiBr6eoEA2any9TRsGfc=,0x780cf3d5aa4e3c94b8a4157f4b06a3f92ebcc20813585e20e3fe0271bf76b7a9,Virtuals Protocol,102233387,293.333756342881,180,True
SCZCX5l1VjxXvT0+wTXXjrDT3akiS4ByhWo7bFnRxkU=,0x1ac8413aaf8110410b9447af27251ba89311f5ec4e2d289006e834b122a44dbf,PancakeSwap,39580992,39.85021304868493,180,True
aSaPoGvCksiKFQcgA/PPtFtHJ59WMM+sGztS1bV5Hl4=,0x5958eb35cf4d4b8871924adc5e6272eff2ac701e368ca6ad043ee486cce9e223,Kyo finance,35277042,77.80640082197979,81,True
fN+LFwTxCdNTzXYD1xfU/hGSxIMv9/pSE/AQlo7GzVM=,0xf4e56e0c6654d6ef621191708f27ee20242462f541d3e79dc5512e1a10d90736,Eggs Vault,31980917,0.015461146527508296,141,True
MSfDkUunLKtfuMRdZuSxuemESQuIWKFCh1O6ySIEUs8=,0xb98778ca9ff41446e2bc304f7b5d27f0fa7c2bcd11df19e22d1352c06698a1f6,Account Abstraction - ERC-4337,27231981,1318.6124217280112,180,True
VsbnIqH0Z8ErW7VixsMTGcLVf45E645bcxAVcD/KZT0=,0x3061b642db56c507e265f03029735b0413a613bda43456a31e78128baeb18754,Aave,27127263,13.569228607219639,180,True
cTfk+RW4AUsig6i213MsTu+SdMtKCv63qOLCX1M091g=,0x40ee6048c99aefd288f6133db207849d0951fe6b62afa1cca0db5a4ad7f558de,ORO,23703367,0.000249939207172806,148,True
xU438Viei8ELWQdDgR6NraNpkl1TUXbnHjaCd5NN0QA=,0x18923b60296e26a8ce35a0b4754cd6fd5427b2820a202f82901c826794fdbc9e,Sake,21260054,29.490236942103774,86,True
ZpLND65a7Iy7VJrIjdjCjrQzAFi4JaJpkYeg3DJlrsE=,0x91a4420e2fcc8311e97dad480f201a8ce221f2cd64c2de77280cbcc6ce193752,Layer3,16551550,41.862859332518994,180,True
P3dU/62sTr3knh18S5WwzzLcKv9x57/A/r/Byn2LtPU=,0xdafc4d2a060c7d08913ceb05b19c4fe7fb6d93a7f5f1142642be939be16bf6e9,DNA Token,16520159,0.0019818154552553773,137,True
CFKotAGe0czMhAGy94iDJA4xQ48OLiKDZ9SfTsWvutE=,0xca3f26e1c876e821d2384a5cb699c6be494f9810301c2e2be49c232656262642,BaseSwap ,15631102,5.793400684429839,180,True
Hkw3vi9Mx7OBvoKuyZ8MPOA5ZBX3Aj4wukrveVBmkh8=,0x41b2ae8a2ead458ff7c85549a9a11380353e1ae4b234666312d495326636f77a,Sushiswap,13589107,10.41943903814992,180,True
inHPXAwcpnmNnzuMDBO9CsDuph+M4UNF3XwNNhTpafs=,0x72723e07fe409557489a6643b43d9493a94c10ba68230b0527f01834cb6a550f,Across Protocol,9645730,81.49652433888134,180,True
ParVcJYkCyRk+qO7XPmDbVj5aSgt31G8nCisCdN9fBg=,0xd4f0252e6ac2408099cd40d213fb6f42e8fa129b446d6e8da55e673598ef14c0,Moonwell,8526659,6.795348836334891,180,True
sw8ehEEk8y0FK2GSDVnFLz7M9erX6RSQdSAgGDmiwEs=,0x517eaa9c56951de89261f2d7830ea49aae92f2a903104a17d9c5c2edd4959806,LI.FI,8408509,47.98637550444161,180,True
ueRh3LL2YffBPsqDfxI6ExIt/wizJqXvQ2mDfaW+dxk=,0x869d601d2c5d78bcad37b589225632a9674c7bfbafeebf3c379ccc41265d6f33,SynStation,7042336,16.519455491968902,78,True
b0ma4f7o65FUNGRC2R4eb8Fo7DB6imYfqrM3S0JQ4tc=,0x70ba3cb2e433f1cd9ace8aea84c46d167ba5db12293cd108eaca068d06be3a71,Gains Network (gTrade),7002510,37.7954010924807,180,True
J0XRgzUEfqUaJG2eQgi+1n49zo66RSLI2qz/I8B6mVI=,0x9fb539aa3ddb63cda1c29b50fbeaa6071f290926ce10f3d224233577b823454e,UNO,6509070,4.7695180917e-08,146,True
EJUt2EJYkUW6syL+DvamNodWqwKtan54giN9q3uFecw=,0xe8833ceee8beb2b3fb0f7f2dcef576f6f9cf20e35d8e53324d71b0ed47b01982,SOCKET protocol,6403434,7.552567569641747,180,True
mEvrDRjUXToNsXd9iYHuzB+iQr1YbbvKBy2OBObD31E=,0xc66e357ad67e63954cd1eb79da4d507d8800518f06c82e423e93e8771e7b8d13,Brahma,6182578,0.41658835711242215,180,True
RxZsvgAlu4U6NJPHoDaURU2dSy/x7ey1UKzAk3pahTE=,0x2c41bf7b4d36a344881581e20ecb2929d38c3415fffa4bf65f81ae049dfb2e72,PUF,5726801,0.00451981935027813,115,True
LBZ3So29hoScSERqnHYzqxFE7rZjdEijT8kM/C/wc9A=,0x2ecedc3cad0a68d398020bf6d41167535fcaeb6d5bbf1602d6318f07e9c59af6,Untitled Bank,5444449,30.989598545016484,79,True
XLvkdswVcDHS98ET9dfOceXRGZFTzV/dYrPUB8DA2Bc=,0x96767e87a27cdb9798f40c3a6fd78e70da611afe53a5e45cbaafc50cae4ad0e7,Sonus Exchange,5436459,70.46999009052733,79,True
qORdAv/JC4no/SKjJY5GbK3FSmUyOyhSl0oXKsJ6B6g=,0x24ff0fb2933e55b169a80d9bd35a00a7011795387717b27445ccdc0f8660d740,OpenOcean,5274090,3.1880924245509035,180,True
gShBUgODnfUHQo2svXnecUd6kG22drV+Og4nxdq/82k=,0x2c1d2ae68e4a718a04a41f1a9fde1ed0648602e08c150e3f72d3dc7ef22dd71a,GM,5164592,3.243370091051781,70,True
nrBN5UU9cny2/KPrQFVI7k6AOnIRr7gYok3UIwdpq6c=,0x3ecbf66c1b21342b26acb0f7d4c6b8bbbef168ffafff3f425de3503fd8dfa535,Superfluid,4796740,4.98391867676074,180,True
imahnjIpbGgSkNyqkOjhlczoUga8ECPoEpirrLs68jQ=,0xbcb5c437d5347be21add3972512679054416805274f80e85ab8053ae79340a69,Ionic Protocol,4780246,2.1483192820916956,180,True
iXR35Xnzm4ioS5d0Eka/UAnUN9CHj4iasG/B8CgiWP8=,0x7539f43dc91f9c406c83a06339708e4033cdbf630916c6dfb9de2b5ef811affd,Seamless Protocol,4361254,3.9740045658055534,180,True
D/phNjIkMkuESYi0XbICo299wHOagQbo2WSAyODxDp0=,0x62e37e96aa6e1cbfb6bd24b97c4b8f1e12cc3fe35d5388d2f041c42a12b40745,Stargate Finance,4222027,3.2157775866073783,180,True
bDxpkfd5t/ov2xAQJgRxa1+8NHWM85j0W90gc6Nls1c=,0xda8c593717693ef30f5c62fc2689709784324cfb9b5fe92c9db3a47f596791e5,Morpho ,4063717,15.796118820698418,180,True
Ev7dKCphBYkf+NNT80NfBdyEIVWwBZc/1xctF4i+V2A=,0xfe8e35b3487bd0e0457b9431b12b73403ca1f5c9c19dd1db81a2317c97c1e1a2,Stoke Fire,3895422,18.87460044864074,180,True
7o3rQns2QxmMIyr/Lp6EXIqBE9mvqX+1V6tQ8g1t/MM=,0x000c2ce4773defb3010a58d3800d0ec9d432189c574ba26d3103f1db44a5af6d,WOOFi,3797589,2.7735351969111894,180,True
WvG0+xCgbgk6IN8ZUd/VRBFLGPobR5t0TCxeWWyBrYQ=,0x8595f830f4d1716621d19bca6394f304837133fb473d8fcd1699e84402df1409,SwapBased,3731795,1.472101620543244,180,True
g4qi9EqhPO1tGvlPtWynCaP71tw4Gjrzc+UokJDZz2Y=,0x18e7582de42dd9a7fd2cb69fb6566b8bcb3e86b936b229b0c5af78fa1de791a4,DackieSwap,3691794,1.614934306978622,180,True
x91Urxvh3gomZ6NPe6Ze1RC30INtlzy4nlOwvxwRQnw=,0xfd9f98de666c5b0a5ce96d4a4b8d4ceee9f8c2156734d57bf6c23d0cff183e90,Kim Exchange,3484621,0.06113163471470503,180,True
g1pi0NuLcPtSAjpxGRMTIM2ZRs5y6h3IpcW0PRKvSQo=,0xfc54b4a9c537be25238cba3f05100b733aeee83a3eb3fdae60d651b3b913390c,Multicaller,3429080,2.9302367018788344,180,True
91qfxPoeZBT6hPZrVLYcaDcgwMNG5MDH77cGiTtBxyQ=,0x70624cd9a8be4ead96e5097025eb645b9848e2643e5025a4006dee2cff1a4138,WAGMI,3089136,3.3742953735980232,180,True
NdwYMf5FYV0V3mi7zOJ4ABpqc2klQTCimnNKCqvZ4z0=,0x491ffd3c2e4c25ab7fbdbefe0f5fc8dc2beee5ab801287b9c6c93c9c3c810463,SwapMode,2872123,0.045686503562088865,180,True
WHFAB3T/+twwBk665nB9w6CsvlhsOEpfPMTT+AfOcmY=,0x7eb6ba7a1057659d04ec414446c1b32509bf57704958139266c7120903446ad6,Pinto Protocol,2602075,13.408518182576822,133,True
iHkkzr7r4TtJl1Pe3jRW6Le1xzeaou/GJe/x5F+VKcA=,0x5614d129eba060ce7d224e8e8f9f29aeddfdb572b0dd45edc81f18f5307bc01a,Send,2475452,0.08936353836603723,180,True
zdNq7Cvjqx03oRiL22rCANVA7/8MBGaoc3InNwm3LCA=,0xb620f012eb197e5661f65c1a5aee6a4bbb43629f0056879ae4dc66adf8383ae3,ORB,2359686,0.000296230395978983,148,True
JbP9BR4xjNu+yvhnSQkWqjlTW33drd+NLR8HY0uie84=,0xe5c133e05956a3939b9a78f4ad5d0a897a027da60a7d5e1b6276a2266211f69f,BMX,2297249,2.662018441933439,180,True
1Ll7MLXCxNJFxQCuBEdRnRVk164keWjynVtQJF++xGU=,0x512f97f1de28ad530f752d53bf4f56ed16d34a3121f0512cd5a0485c2074b312,Extra Finance,2108221,26.623628360797685,180,True
2NhWIeNvC8fOFWoX3/SsLCHtwifSk3TYSEagnfFthIk=,0xb26d9315cec30e60b52efd523c25a260c41d573458b246e60cf2de76eefd15a4,MintSwap Finance,2098868,42.81586828227617,180,True
wzX0MzHFlylzzHVBLRO8ZX30RYXbg4h3K8XwNrRmJos=,0x0b8acaf73a25ba1f64bf829f9678beb8b7edf825353ebea38085590d78d74d5d,Tokiemon,2034990,3.1407346817141804,180,True
mdb4FjuCCmOI5Tc+xwDeXfQd/1Nm2o7JZy8ZHzlxC9o=,0x259b729af86ba38c0c84be9b739dfbca109a6df985371d8cabd43116d18d7a1a,Flaunch,1691652,0.5642611996257239,62,True
23XIt7EgzQNc2AdcEzTg7GbjT5kKY1lNFfmcGQvrkWA=,0xefaeef1446de875ab6e50d31c8dbe776f99d884cb8cb68d50b1384067e4aeb6b,Synapse Protocol,1671740,99.93057495376644,180,True
a71tbYAPlOpIwh4+Y591PqZ/kYIbS4qRRpQ8WH2w4oM=,0x3526b9c6fdc34076d7d2c31893b94e760f4d5a010387b6b76b45f8b5577ceb98,Gyroscope,1598203,0.007923463003143918,180,True
xIbbe0c5UuvK+FcT9NA6+83THJRxj1w9FnFI1PaYAGo=,0x82edc3ac2a03da21c5a6033159ba8e97aab2f61dc5d1d9813929fea6d6c35362,Superform,1445068,4.9577470816878595,180,True
1TLTRUof21yQ9U4hpzbBFOxsAYwtkoq1KsBpe3xQgtk=,0xc3a50c1784f3ac4fc8ae72d07cf0bfcf933e3d23ffb5a3ab46263182a098e617,remx.xyz,1340671,0.046342185155555264,180,True
tEUQBjhYBdWaLRVt375K9avn6ysFWbvqZz85jmaPR2w=,0xf24315614063278ba3543e1717791132a9afa79b0e65baa01a85bcccbdfa215f,deBridge,1333315,34.44372717091411,180,True
vCa+wBp0799NJ8j9L6UgKxKmqiLT95Zk/aQX/hXty7c=,0x0ee3defac0e2a31b995bc073ac02a2140aaf01679e141eb8d1d80409f75f90ea,Mint Club,1301956,5.90091912821609,180,True
Vbt0Je/QVMzwz2kXjZhu4hCHrfa5JmL17azwgy9pDRY=,0xc938557155993da8f33857e52d7deb04421d1bb341fc24216563aae64fe32d36,BSX,1202387,17.931493965788018,180,True
lWJtSU1/x0pxa2x/PDlxUrIjG951wWu6c2WXiUCUKO4=,0xd3d00c946f62ac8cf49a85e3ab7d295d3b56f68d0b9f1fa4d595742fa372cf78,Compound Finance,1177844,0.7011195902827274,180,True
RwTF+Ure0P/OZd3Tq05ZqBM/QrVh0ViJBuqRDH/f1qo=,0x0b06e685eab9c4fee7d93ca54e1c02281e2be560bfc54f43fa738961fa2ce4c1,Coop Records,1170701,0.3056967030126972,180,True
rV6VRIUtgdaeu5+g1y7vloRmK9sbBEl3rFCs1r7OR7A=,0xb926ab918147d2264dba94a429eb07986aa533fd6062a78736d3eda4e0b4a69b,Oku Trade,1069963,0.005412154244763934,180,True
JTetyUvTgu3P3fKekPJHOjCG1Uuv2TfuDHm9hjADzPM=,0x149bc5c396fd3dccac39c92164bb6b8bccc4d215321b58e241af07a76616e031,Hop Protocol,957108,0.16021912008151057,180,True
FT3wZj26UAebMH4ywu7oQvrie1GQSmu9aogl40bsCWQ=,0x0008577196fa6ec286440b418e2f6305fc10e62ce759625d826be272ee6b45a3,CreateX,831744,4.084251195611457,180,True
Js09gjzwO4g6aeV2Fb+ZNlHypJc4DlUozk3enNLotIc=,0xcbfdcf8f724d73504d1518d5ecd7d7256b12d37e68cd84569b383bfb6e2eeea4,Dmail Network,769657,1.2003216950821767,180,True
0eM1b8HKnTMw5hgzgPw3l3m4A4wwTQd/0e1rFWNPz8o=,0xd54e1032bf16d649f8f8f0a7da42a249966ad4a270b4c17b24ded1e32c97b2bf,NFTs2Me,740895,0.8130045068356598,180,True
HWseNMpaGXySSUevj2VVHOyjIcwPrWDZaV1BEkOzPQg=,0xa09305aa57a60e362b11911666f6310f46c959ead9116333d2e7ca91aee180bf,Super Account,681294,0.000248334773555319,168,True
VTFjeAN76kGnqTqKP+SMe2HPaIKY3wKvwo613l6OWN0=,0x098fca4a62159ddfc2c45dc2931a727d56f039b8f68e31222b927aaf2ce75b9e,pods.media,654490,18.800981108027873,180,True
kzVtJyjzFHc1PHeVOLOQBylRu9CEXQs0ViUbfhERY70=,0xf9513b5bfca3be3513450bd56b48ae485ce157aa56c1d8b2e06a68bce0b8d084,LeverageX by Javsphere,645839,4.58233855304902,131,True
/Hxq4RTbKkeetoxVgusMQJX3vx6CFQQU8oZccJFAvmg=,0xeecfa614f020c2ea4c2eb431246befedf35ddc6c52cfaa83d0c4caf2f580f9f4,doginme memecoin,642931,1.152784017788316,180,True
Ze2CblnBaz2Apm6a00KjwAZ7N4K5yxDUpXlK+mDkwJw=,0xa88844cea135382e3484e39c3172033437121b35ca0bc8b10b9b8253984876b5,Ethereum Attestation Service (EAS),622199,0.5018159089778177,180,True
H0Wcz4f5bYNrMNDSdwJt/pRqNRK2olM1vl2qk15M+4o=,0x4eaa0df4cfbda85126db57a231598d33c283b8aacf3a441539877ce7e17be22a,daos.world,619176,1.0856338053956252,103,True
mJ8HpBumrV08sD+uCnw4RzSnZ4GFmxhbuVqyZgSy1s4=,0x7f0e98c70d1401fb100dc804f28743bb567a2fee12315f52300113df514b7bd3,SuperBoring,609485,0.08203641717372115,180,True
W1buONYzAaasQXcnXhKYt0pkwGkvNjW/TShvTtt216w=,0x99320dc98c211eb9f1e1d9106d376029075d9d75d1293a40135b3c05d83d779d,AlfaFrens,602292,0.030968619605477636,180,True
x9MZObEzydNAk1HPdRO8azvLIkNL0gAIgOIvKthPIbs=,0x808b31862cec6dccf3894bb0e76ce4ca298e4c2820e2ccbf4816da740463b220,Fractal Visions,591008,6.934432672051417,180,True
cAaBVZiIeQZu4fS3TLKB2SgqPCHj7MtzVq27nQZkmS8=,0x02065e72fe4eebfa1ebca19238e6147c8571c2b7fefae4e86e62ce768edceeb9,Exa App,547781,0.4762342721083773,180,True
OVIxgHj4N8zf/sBSYEBssZf0Nyz6mCaIEJa0exm7PoM=,0x7974baaeef5e3af2e165a0911471ccddcb47d8ca74438558a89abb515aa64275,Krystal,491253,12.214232728648465,180,True
gUFAlmQjlPwJ47EfIYcW8OScZ5iHFZBD/TE4Mhx9WQc=,0x850df51e29f2846a5f085d88e6b6fc13fad51ad7161f8a825ed09d470668161a,Party.app + Party Protocol,475216,2.0360156023631943,180,True
gw1/n9hvDoPA0W0U9NMZ74RsNSQViz+i6ArfdDqPn8E=,0x3d009f8f7c1e8a3bcbc81ca8ed60d2e86b956dd0fa68c4595f851be37052a2b5,Guild.xyz,471787,1.80445916549042,180,True
wBCRJMqM8KTnoqC0KsyDhf/hW7HF0wFgU9+ZacWz66E=,0x692340d3ec51f53411126f8247003e2b87b113cfdf4a322b4e38d6bbe5822c5f,MemeWallet,465997,0.0010561687473456232,127,True
JvriFQ0NlFxB3+GIDPJQShc9f52TRc/cmOcLdzUPgL4=,0xffffeb1d3576c1e847701c225975ee1a10259e05366b477e98fea7a47c5e5896,Rainbow (Rainbow Router),446616,5.22335290129364,180,True
r3lF/NNRd0zzZXI+9kT2/r0rohb1fra20npNdnPi/ys=,0x9c691ba3012549259099205cc1a7ca4d09d9b7a24a1b7b821b52c7bf1c9b89f4,Origin Protocol,411445,0.11597697348269291,180,True
y3k6Rt51vfFOeCM/kbTF+KTmd1rv1z70eWqp2Xtv4rU=,0xc55fe3df4a2689935cc0a4b912e3f913de7a8c1c6758370550aaf25a949ec79c,Golden Otter,404889,0.00016769592102065703,50,True
sZQ3Kp1sgCPf39oJ1DWrfCgdlSzbnWJ7rflGyJ7sECQ=,0xb6266f3d955040aa7583f2f346db87abe0649f545389af3cc8fe302aacfc850b,Splits,384853,0.08083240574086163,180,True
iIMEOuxGnuaO43gAf8QE1TzOYCV17wclaM9WDTjGGgM=,0xf6d85abeac025b1e33f6ae3402557762e65cc437d0a3d03673d71a4d1236f8f4,Robots.Farm,367899,0.7254266926540729,180,True
57FvWwsyNX2cCoYXRlrD084qD9kG/nh1tYNWPswNSs0=,0x4d71401a0dbd9b3dd890fbc70baaf872d16db80af149e20f7ef1805fc94f6df6,Router Protocol,323848,1.4781943808056381,180,True
sMEYAIHyC7RMbAjCcImJti3PrNJCoQPycDnIfVBvxiI=,0x482720e73e91229b5f7d5e2d80a54eb8a722309c26dba03355359788b18f4373,RubyScore,322567,0.23983899125637703,180,True
5JISU2Dd3upAAQxpI6eEKNuI/pWdKGu5Z36klLtZvXc=,0xdc28e29764ca79368f426f106458f2c427392e32d088b04f4c372ab51b25d2cf,Meson Finance,316599,0.9146318238257323,180,True
xOZNIZHXWrA+JWBmcsHybyHDy0WZy/gOyw1VaqAupG0=,0xff1edf67227651293a9cff4dce3577c6ca52bf8c7c6f5f133f07b05255379b27,Kelp,309107,0.006557237469565918,180,True
lRCVGOtHuZv3FlsKZQ/VwhC1NERgrSYVPYW8sSVpfLw=,0xda59222ef8b1cd429ad08e9d1ca90f38988834e74cf3439a780428b85e4788bd,Fit Club,294162,0.17141254978089654,180,True
4dqHjI/pEtyPjvZVF5KMQ2gz2K9ah7yeFGwbfXSpRxA=,0x1f60db63651f74e2fc8b3ff900d05142552a763c31caf3a8c8e62b0953f02bf2,SuperVol,293237,1.4542221251525322,79,True
gsdS6IBEk8Q9DoxMTexanVBfgLI1UzAPsWaZh21PZBg=,0x0e5d90c5b5b75851d02f8286e78ed3b7af85d6920ca92a0f73cdc268fff185c0,Moshicam,287261,0.6685310197561728,180,True
8KoGcAjv//eKoINV7i7nOfZwp7lSOd8rO+wr18AGDOQ=,0x558ad0914eaf21a4965b2e4b7fef4cd66ef9d5bb861c5c42f4795a9e4614df71,Chonks,271981,22.233811869836224,117,True
7EueslOSAcOTAgLquDFENtOlSVcp6+Ti4F4AJDjHiBg=,0xc8ce0bfc7cd141c57a816cce213471208a1f6136c7aed5282c2c41b434006518,Bedrock on Optimism Superchain,265567,0.008904168523690666,180,True
D9n+rXQGt9BVQ/3Ta/BbgMaWPiAH0K+6s+mPnoVHH6E=,0xf87906563da69538c969ba438f127ce5f2196e76c84c9026ab6dafc4280b6be3,PHI,248218,1.3265479332551013,180,True
0IoaqfH0mkl61jIvWC/JWobbYPP2gn9rTTSuF2/Ydew=,0xafca3591b83586f14e21b397135b95af668f5ebb54cb45053af44a73df7d7640,Layerswap,248156,0.11094949031108825,180,True
BXpAWjeSIrRWSlHT561SHU4JKO3BHpomlfoXzuQvE0o=,0xd17c16ed0ff3c31ae81ae9af4070a2150db0be538cabcb720c67cc5f221d3965,World Billboard,245873,2.0433608019379994e-06,58,True
xyqCuzyp2siN+L8QgwpvSjTruF2y+tvB++HwqdWDFXY=,0xa1f96576ad998e804140caccd478bae81b8b1059a107166df87b59fbf42c9e4a,OnChainGM,239482,2.4632369945820156,86,True
rnCU69afAeJVsln1gXM1Pt6cMqD09FFS5C8Q38NWifM=,0x120cdd8e43ae1efbafdf02eda876e1952c05a52870c8d5a8f56d9ec0f79f586d,Passport XYZ | Gitcoin Passport,234270,0.6064523517206457,180,True
2d1UftVv4xC+BHialsxoPjC1WJDySvOpnH9o+3sQFYc=,0x85bef37b528ec9d7e1a9cb864e298e3c117071507acd3f522c28561435d167f5,rhinofi,194788,0.6328994253649767,180,True
FfXoEN2YNayzuwjlJN2xtQWdP5War/J/3WLgkc8sX6s=,0xd7a8e115b2b3772d7d5656d7798e349dcdedf2463302c78528c9e9686ab4efe3,OmniHub,192312,3.840833564032451,180,True
fmFqLtFVrR1bA9bONSlNrblHhlZFJg9LXJMS+r2bX6Q=,0x40cda7edf27894d647d9433ded29290966f5c258dade2c3ea36427fccf0ef3c9,Veil Cash,175408,0.1568827006574131,90,True
EWGl5CyDKCdw2krkHJwc8V1FoELaCSXGUis9SHr2+fs=,0xd765664dd27255f1ba341fbb3375439a57fb6a92313df2f7af7856233f415ed7,Linkdrop,174814,0.40718341492553306,180,True
uAWTL5naoNXYNpp7weim8ypopqmN4+H9fO7/1wOjpeA=,0x800707befd6c94e7cea794200a6fee1155e54ca94bc10ee85d15c3f23845b10c,Ethereum Follow Protocol,157980,0.5751735890158508,180,True
Ns7AhySNrng9D+BW5HGcvHMspijwoY5cdPTLb3XEpyU=,0xb23f12d6f2b8bc60e72710053d823163208ba7169565613e034423b09aaeafce,Shredding Sassy & SHAKA,157623,0.019511509527518463,180,True
nckCvGKDs0P9bf7kRCdh2afi3oujVYloGf/8XipTY5M=,0x0d72f0fd9ca1d475f2fc199ebe456f80212d24d02d9dbabca6137442e61c5f3f,Infected,156349,18.83338619935143,36,True
u4P3wjawfNUxPEqdDc6q9H/PutT20/+kNiMDjfl0grw=,0x76596da0afbf2980ce80e6238c974495fbe52f5c29ec38893dcfdacd5378eaa3,DAOBase,156230,1.5101856237316877,180,True
i7+GWX1oIywd4Pd5yL9aZAFhBIjY40c48Yg4BXFKW9o=,0x8efcf1b6e879bb6ec89d5982b8da840757053731b8972c4a07a6ce9b6ffcfc89,Blueshift.fi,139830,0.049955150734888466,179,True
g2gW16kX/8gl4n71esfphgWmt4r2COs4Bc9cGM9025Q=,0x7262ed9c020b3b41ac7ba405aab4ff37575f8b6f975ebed2e65554a08419f8f4,Sablier,135969,1.5986025341264714,180,True
aWuNB+5mklnapGsyBMh4Igpdl8e6JeGAFQW0cp1KN14=,0xc0901c8f9503f0bf91a1cca0c6c90e55af8719cc2237fb4a0bf0770b307cbd11,Basepaint,133972,0.9015449230498126,180,True
FtR3yU/WmvB77sgIAosTTO8ZpYKa4lUQU9iXu5XQjWI=,0xe2ef3fbfd10df401a0221939359e96af29805db8936c1199ae7532262c69ec5f,The Button,123497,0.0005136761465605729,68,True
w5IsGVcdo+bpiRrYuOuxPpNKmmWP+fKCDDRKWF0fuMY=,0x2e0e80846b4d52b126f3c9a20a01876bbcb80de67befe916870c5d8736af6c2a,Builder Score,120490,0.21805797786218134,180,True
l5D8eaAKqeJb+R8Q94GmrcZiPuwEgmZjQK8GKQiIYDk=,0x867b0364ac86ff4cc61a47ee99a0f96c8b952af8728442a048f7e3ac5892aae9,Gaslite Drop,109258,5.2794207155146085,173,True
mhxWxydhNFmIpTtHIvHRZ6Zg6ZrSC2uQhAgTJnu6CB0=,0x469f813ce1b0c64293d1f884363808f076d27abc8c6060bd3abe46bedd0d7982,Neptune Finance,100775,0.19891189995342332,109,True
XfpYvFk/xJ0pvTt79xWtRwuMnekQrcIH2Mflz97Lo3E=,0x2a2d2dbfa03619094fbeb6474776f2f3b5f6be443c8576abc6f3caa2c18dc45e,Morkie,100539,0.10272588017689514,172,True
f9XY1drAwGvq0ipsMBC3S+hi/BnAOW9s7YSx7LA0qq8=,0x1d3ec77661554ddaeab18519930b218ba5185016a0e770ce4664a831a1eef7f4,Larry,83161,0.4246754744689795,122,True
X6uKsuT8UV+j3gKV2WzBwPDTYt8fVFQsLDj1m5/Da7A=,0xf7669f10edbb4ca465f6a6b5ec7e90521a0011e8b3233c43e3cd0dd22633d67f,Human ID,76231,0.35869423974236087,180,True
sf0AvWU1WZLtC4wh/FDYTRU3hyXTux1NqPmabzUABnc=,0x15b210abdc6acfd99e60255792b2b78714f4e8c92c4c5e91b898d48d046212a4,MiniBridge,70921,0.18911543467721,180,True
AZ2Cqzo/nAUqbj7th1e993Xfpf7qvT2WvHlomSZQ78o=,0xa2a580dae44336df1cbcb7a5303880f393068fb96116e10e180e10f5745dccd4,fxhash / $fxh,68349,0.0628185866776312,180,True
Lgm8mST2VJg3Qtcvrd3ChAbGOEorxtFzO+k9eyJMgzA=,0xe13ef8130233ba5feca029110f3abf30cb33f7efe2d915ba7e536200b67fe0bf,Glo Dollar,65492,0.0035093923864312785,180,True
VuCrFAWDzI1K7USE+kh9ECxcEa/iG9eVHG6EMS/8iS4=,0x6435c8574014275b1d554a3ab9dd85f775fa3563258ce855d6aeb07e7918f6e5,Hypersub,65482,0.7960091506858878,180,True
h5xu6Hbm8HnEDF0JwocW5gh0pAt2OKRS0yK8HCkBjsY=,0x6f550434232889366a40b5a6046615cdd444528db6fbe1f8186411f2f6ed676e,Charged Particles - Web3 Packs,62676,0.04228912811643579,164,True
yHC4i4mkg5sXaXOF4Mih0UyHDYVS7+0+9zuqnDFvClY=,0x8f7edabd00cd8a9bc0065eec465bd3d97ebe3f4632c8d3d52b336a9bc1d8fb3a,SuperSwap,59080,1.1443998278375662,88,True
qpgChJsGqtFnDQQU8CdZ8Ab5N/OjV4xdwEw5irdZl4A=,0xdba6f6be6f7cddd6b7f291292ab4179ad4dbe92fc8a85612f76dc67fc480a8a9,LasMeta,53701,1.3275741092859648,52,True
7Iv5H47guOZI+q3EgByroFWR0Dw7uoImhWPboCDC0FQ=,0x182f5a5c04ccdc4739ee9f362af72d7a0f55d6b410cc9dc2b52dc7f99f06f3f9,far.quest - Farcaster Super App,50164,0.14496381462356062,180,True
U+8BPKrK6j10zOy/OaelXzf16agGOaHKyf2N1g0e+BY=,0xc18c18bdc097d4c9158f37be7cac00b77b6abccbde70123954c31d07e1631d3d,Jamit,48640,0.1365080350693802,169,True
Rfo5GCgPfxv8mAjJ09WxZZ5ZhlXm5XaUEcDBackrAk8=,0x512e27ae7e194a31bbde426c25d78b5d43916192674d71a0c4deeea1c622f166,motoDEX,48202,0.0018304480151239443,28,True
46oGoJxfh3hgKRcdb1vV4roA6oGVgyRXbycfPk/Q5x8=,0xe6371e0b190ff5db00617519599cbbafe719db0386e42a0af106b8c7f9161b63,NERZO,40444,0.034633702166828186,175,True
WCwKOQkL47c1qQ2wVcJ1IcpLMGIXmFHflr4UVQsagVM=,0x513265758a3804184b6a0771d99c1a4b04d3267bacd4b914e89ff991de229f6a,Create2Deployer,39121,0.08922594484749939,180,True
oQ+kC6OZxylQhBgwXJ3FajO387awNVvhSNUt37E3U1c=,0x670140099063200aa424366d77f43b2ef5ff2b715189f412d76846ba0abf2058,Liberoverse,36672,0.17656949246527825,180,True
HuaIZKL+FKm3iuvCVaDrU3E47fVZBXlweRj5SQQRx+Q=,0xccd4cb370389d0d1a04e436a7babd12649591457b587734fe67dc6264b7feeae,Size Credit,34710,0.11183767978888898,172,True
PFJmiubbExbg6sRzgdRKq3zqAinLXkHBOGcWKYydyaU=,0xe434930e189c807b137ff0d8e2fa6a95eaa57dde574143a02ca0d7fb31a40bea,Giveth,32295,0.009099673387093438,180,True
wXNHytnTdLtuJcPtRtlqIPJ9WtnN6qAM3GH/t0Uiuh4=,0x928dcd931ff2bc44a5d3b15c500adfbf8d3e3a89e4936823e0b3f053c38f978c,Hedgey,31620,0.15480604950860094,180,True
j2fVNyKANaIPQureuy1bBvztLJHX0y9nPsunU7Q/AGM=,0x5decc7c7bb5ac6448be3408fd18e5c75738725d739711985e2c55026d2fa1391,DeVouch powered by Giveth,31400,0.007732328308589274,180,True
hD0YqnPkTkll8Q5jDDldaT6hXIYPwjtTsnR2B5cF6Dw=,0xf8e1a0a465eb42239f0c15651c658cd25e922880a3b5714949804034c57ace41,Womex,30141,0.09718156820738273,180,True
Peg1TbQF7DkRiJx5Kb1lOlbwr9lRiotJWzh5acZ06Z8=,0xdc8c675a16e135a3518852b240cde44e9105622473623bf86725a9abb8d18847,Get Mint,27603,0.10453561091492432,180,True
db8LWE2icLZuD0o0yjqQoxT4+oXvlmHMVT4O2TqKJCo=,0x79159d9bd4981ce68651fb4d585fd5827215309e503f46209adb0ec438f71b30,Slice,25165,3.2522726355856384,180,True
dxRQV/bqzFb4XMHere9Gwm/qK6c11ptMeFRoTDmmxWU=,0x68f3271c77c9fd815707cefabcccb85457cfc820b65785d29356419243919365,Kropot - Where Rewards Get Real,24525,6.0493685183707e-05,60,True
EiimK/OjLUXPLh91Eh3t7O5IPVEiNNykVTjSu2fbyx0=,0x533b2f5a5496206f22fc2fa7bf4343db0318c1b2598f9dd2098eacb42a8bae67,Chimpers,22864,0.0359336664618931,160,True
dk1gwy0G/dP9SOcyolL+bfgPQJ0ngqXF6ro9qyQdGwo=,0xf9ebb0464e7162627ab3de5fe03a21c879e932233e1453f2139c2126eb93f72e,Air3,20499,0.05822471196444155,176,True
CLooyJmWtPF9yQUB4BsGdmBM/qHmQIddyhAY91j/lkI=,0xe11a4f107e474ae204a45e4f674f6d422f2230c9675f9ebfba1eb2af217c2d1b,Eat The Pie,20483,0.000211667231777706,129,True
eQqgI+0QbOMFFc7BRVNZGqxKr1lvAGNLl3Sr1/VEKuo=,0xe672c4e1230d7870e73e2ba6a9c5389f321dde735289bf33575e163a6ea2f00f,Got Vision,20483,0.00021166723177770593,129,True
czTdwJ5nrZ1xsFZzt3rDTdlXJpBKy/etPG0rzNITi6M=,0xa9251c0d6979f5bb40a5ea73d7c0da678740905895cca1298fe2afff5014ef98,Based Bits,19885,0.06186982607438977,180,True
iNNzyDb1b6aPQ291ha6SmzQdeiZctC/fFM3CohvMmXI=,0xdce84cb69d195ad28d7dcf878c7b43b284b7f5c2d2df5c0bc0f1e6d486bad786,JOOCE,19672,0.16233193089860287,78,True
skDPKeyDWR3XcKKNuFPI/Ef65tIZxbNSiGZcZo376jQ=,0x6fc25d7c763441933c53333f0f9105b37cc74d88f21ef61b3b7eaf94cba45bfb,Amped Finance,16876,0.000976166853701756,41,True
R/s1bYEjmNlJ2C9XthjT1evUQ14obvGzmvmaIcTiSNY=,0x44ca2c89a912ec7e3f2a38aaecde63044fcaa3024839eb628081a3bcba9c0490,DackieVerse,16696,0.0070859343668240905,180,True
DtVwXJWrTCoDOBvAKGPNBzletnkkJ6IkO3Zub87ZmnM=,0x1f027e2e48331068f44b7f550ca4a111849adc6586ac868f0d2c3e419a787277,Cares Coin,15496,0.03560090208937285,34,True
zpXh+xI4A77C9Y/ortXA0jU/33Zj+QztUOpW3hJ+w8A=,0xe20f59eb1c8f9cb72e07b8d0f067bac997614fd6db06d8c031c5c9235f760dcc,L2Pass,15202,0.019401150708675964,180,True
igtO7r3BNEsM8PUwfeWPGcua331z+/D8tlSWUxIWqB4=,0xfa43f3b12992a9d3d7811ac876c9baa5a81bf9775abfc605e720ec0a90f67786,Metopia,14101,0.09344621549344422,157,True
SV9mqaimmhC4FU6sfnNlHwhE/0rkaPPzVXVUssBOqH4=,0xa702326f1533f38eef408372a42d435530ec251343b6eeecbd51d0deffe662a0,Magnify Cash World Mini App,13649,0.0015003096841455991,90,True
Qh14iOZBPtSPGbuqtJ8wIL11rSdu0gBx6RvzUt9V9sI=,0x913ca97cfc8b587734059e4df9cc6de28ef590727e13e1b30ae9a57bea881731,April Token,12850,0.002597320912742122,151,True
jOnKrCSU5myGHe3ICVGoabpmdtZ+V8gcqRisDpepqCc=,0x4775f0b321dfa33f32ca86c677c1516d24d4803f6f6ac12e6e0c2dd0d98ac80a,CREDITONCHAIN,12055,0.08985820403039142,123,True
WTkrSKGFE/NJQ8Aw/49PoV7EkJpIxlRdws/Mq4Do5RE=,0xd774790974f07c7c5130903d47ae885f0f3415f0c8ee1bee9c4b17ed2faaafaa,create.party.app,10676,0.002615507158524506,178,True
Xrci3TfxGk1fFof+fNzWx6Had1yDlmU1CoHHRvzLMGo=,0x7fd813000c03bd11fdf3ded76a3b46db355218c72947acea7f14871a5b0a9258,Satoshi's Secret,10461,0.04361173874557763,180,True
+Xyt1tUxrXrbR9UH3h/0BmCBJJpBDBuFyJFBdmt/U44=,0x46d819ee72e9b51fb0175286e6ade010776b39cdb56aee88bc9f39501050eb92,Team Finance,10207,0.00957260977465911,180,True
EGnIDudfUQWj4qmCCyERNT/b3h/3l1STaJjMaUmG6es=,0x24937e547db8ac83965a3d781ef7fe2861f9bbf79828cbc60fcc0598213c5b0a,Echow,9949,0.05426317170342635,91,True
zVWBMiOJHTeEPXEgWSl1B+tsS8W9vwfv2QU32ANB8yY=,0xae3efd865f9584671ede5e94c83190b0aea5ac5d77eb0179ba849bcaae314546,Base Logos,9544,0.1682671795838302,124,True
R1GLGswje04y83WJr2mIPpUxPl+F5hQCZaR19YyXhGA=,0x4b987d79912367ada6c3fa1bf6ad1daa6d164078f8c5efc8db2128b9231087a9,Sturdy,9043,0.22818494962055674,180,True
GPkPw2+sHiMSo0u65ZfnIeqLYHIGvf+ZI+BtpSZG6KE=,0x5c76f623580566171af2a9553e8b7b230acc71aeb8829446d5eae2579ecda369,WebHash.com,8659,0.010274460153355617,172,True
NLj2mhenkGEK3NfYV1RiiO/SkcD4s/WjJdxaH90crnI=,0xdf92f936b0ddd6c5a944d3e2be594168ea108b0909e510b955333c5ef0b40242,ethOS - The Ethereum Phone,8009,0.015855594447234906,167,True
ZALEuKWY71Qcj7Tlf8hFHl8XmmlMlST+Cu1ztrue/Xg=,0x76a797e0221710bcbaa35e3bda042e6f62d11af7796ea90dca306114538b527c,Stepan's demo project,7919,5.71707906e-09,169,True
8Cgztczct8fnsJW6D2OQcFRY6nClKNyOC7Le0soED94=,0xaa1b878800206da24ee7297fb202ef98a6af0fb3ec298a65ba6b675cb4f4144b,Stepan's project,7919,5.71707906e-09,169,True
c7vW2qABqwjRHtS3aEF1+uZeC9kqrKtd7Bv7sQiSS0s=,0xb9b7f1175044c211555b5589ee389263d2e455f99c1505e6b121cf6e3f5caaff,Based Onchain Dinos,7763,0.01315038188278141,175,True
jB/Odn2EzRAIVyyhY7eTBdOtrWdBQr1Bn9QFSaJc6uQ=,0xc6203aeab9c0b7346ca9bcb36a2db50c7823908fd66ad61913a53ad6dbc77192,ZKP2P,7346,0.012695279394819755,119,True
rma7MMHG/lTDVRVzmvzpjLEe1IgskM2w9Ne7AQvE1q4=,0x2d5167181143298e3d002d318d8b1d2917b8c3205a5634549c95cab0ff32cbdf,Pheasant Network,6978,0.012506011443604591,173,True
/2hjsm9xH1NvgIs/dHx5VOVM4ml/C6hfQu97wBgdpfo=,0xd35cc78b456bf11d4acc96d2c227b29fa4115ad9d93ae211a31974a408ed8303,Diffuse Data Feeds,6864,0.004499219465080056,15,True
Pbk+QmBSQjMMVayM2NC4roJq1go7oUlvVl0F1Kp33Xk=,0xed3d54e5394dc3ed01f15a67fa6a70e203df31c928dad79f70e25cb84f6e2cf9,HostIT,5402,0.00028455594016037504,9,False
gqAHXIAEt3c1wcx3zIvyc+StftbLzXh5j2GSHeePfBo=,0xa6e21a58b178cdfd073df12288b8edf761b595c2938b81c64e40c944a1403432,Spectra Finance,5205,0.027546123672046684,180,True
whSzne13utJrOkyjbU5X3xEuZbQPNrNOHTiQKzQFJlU=,0xb60780abaff82da08ddb98703d6792d806f03f190f6dcd7d0b8e7346533bd4eb,Web3bridge,5054,0.005749307392122443,65,True
a0PyEDtZEEjxDRe7zWNpHP+358umEogD6bQI1XfI2eY=,0x7a4bb37bc7997b8e9b34775164682ff1f441b716cd235f2e7cdce76677b66007,zkCodex,4898,0.08973902156581112,132,True
E9yoTCB99+LE9wbUKkODvnBEt275ZlNATXDdKnFLQbQ=,0x5be59dc0909b4da309af49cd207bfd84aa172475abefdaa3bc8442625b723ec3,TAIKAI,4811,0.000516163305297499,121,True
ZYxDUEvRWLmr9Tpf2u0ztP2fVUg0H0NLROMVdJQNDRM=,0x260127629089be48b8b1ee07c8962451a7f54374163217c7e72188d1ffc8749f,BakerFi,4398,0.01853009570622742,166,True
ThRCV8Ih8YCsLe5ZOzwtjnSQ180Yl5GlIOXaFnYC9W0=,0x3c097ad526d2e56e51d548d0b73525d6445c3e988ef9a9c0ec13866cb980f982,BLOBz,3944,0.018674201163680324,58,True
1JT70BN2/Rwx6aSj0KsAtMwm544c8iMGSkvndKJTFZ4=,0x7fe1f445a110236c7355b3abb2d7fe8c02e32f400253b9b134ad6ab7afc0f6fc,TapBase,3873,0.10012142855343188,180,True
AWt4h9zeTVKtlCCptcCdxAqt1P8tHvgZLjpDLlttfmc=,0x740297a85de756f69945e2cfd9d439598cdb06a70e409e91664c701f5c0af34c,TOCD Studio,3659,0.021507489248167002,180,True
5usyKOU7bv3X4yyKLIo5UjHOBlFYdm9MbS65dj6i1KE=,0x71235a21ecc7917daf805f832b7e18566f8fefde5ce05f741b64cebcd208e92b,Unlock Protocol,2994,0.0018039125512601278,154,True
tXGS6SGDHNL8TAhS+fj8+qzF7+FFbx0qJrdfVY2j62I=,0x93b1eafeb62f6cd5099ad82068763c1fd21f9d881c4e1a474ab854876ea84441,Based Year 2024,2838,0.029602825088280032,53,True
ujotQ1D+YnXHFVrSwoa3pj8b5jOvXNPF0rfALNIG5GI=,0xe95adf2385dce0a2d8117a410d0a9adcc40710da9cd6d5abdfcb66454a80e59b,tinyass unicorns,2728,0.012597822456194072,175,True
shVzoDEk43o/o3eLSpahwHfj/tn5zrcHqS8SYUzufrA=,0x17192aa9ad034d44d99abdcea664c21532e69f865eb7824d10db09e94e7418da,HAMsters,2658,0.03692470355506245,112,True
LhmNJDpUL4rqmFhVZn3LA/7JHVuRJ56GF9HoGUUhzt0=,0xff350d81524a79a1062f5f4977b45406b822fb4f150ba5a8516b0edf876add0e,Hermes,1635,0.004480361286532839,145,True
qk50KaCd7CHh7oEQjBIVuFDNPzANNpE3yaA2GCpB9Q4=,0xa45ebed9267cf10226c68abc98b1871bdfa611ee51050c161e316be1dbf7e696,Based Onchain Cubes,1616,0.0015216778351969957,175,True
VC9dxEcF3J+NFOJK8oXbeYtOWMI3kyD/r5G+Z7nu2Bg=,0x07bbe4af3099fbf9f18fb4ac7078ee836c5d0d3cc2c29f192dd366455671e2a5,Guac (Farcaster),1616,0.0015216778351969963,175,True
umhKsF0TiR5L7wQeq75Nt/yOXWrKLbyuYJBGNtT6Ces=,0xf1358b33be174954b454aebca311fc83753dc1d8c743e25c829091ccd69fedd0,Tiny Based Frogs,1616,0.0015216778351969961,175,True
b4qel+DN0+bB/PT3hB1o62phxSthj3M6327/IK2+a5U=,0x57cbd227f8353beaaa153466b2c7025ea9e63cb5f2aed5a1934ccacf1f7ff26f,Boredtopia,1525,0.0013683179622597718,25,True
OT6BoCbHARe67sVFlqmawsQ8TwY9/XU7UQ883w27OUE=,0xd9e0c75338d41d200ebe8d347cdedea7b648b38452aa45c9cd87bdebee726786,Guide DAO,1444,0.00011317421918395003,87,True
93BBdChzOJAS6sfGob9PLuLiC+NwuB5EJVVW/DHQ2vM=,0x5b054742b09f8ce4092a15700ef9781520a6ff2928ba5ee09c78ad4dd8817b85,Kiwi News,1257,0.000358299843825828,149,True
jxyZJmCIfOjgmygX+xfrjrczCzVNGl6y/3qNAN+b/YI=,0x0674e95c746371103249c2c987d64515a4ed5c19dc3fd6a7338f7716ab8afeb4,SnakyCat,1176,0.000492299153844891,63,True
b7muW3E2hHlOFEZs7c+McXNU+W3S2DAxZdpAKlO4xgA=,0x8425bbc8232af955e04d40e708e489a37826ea0d503951368cb8fb8f489bdf14,Collectr,1151,0.0018420532737455397,129,True
hle+N3YM5tghdfpBxLGwU6k4Bo8wDYIbcCehL36wclE=,0xb41e32621e56fbe7d89052f3c852ff70c6bfe21ba5a91910ef2fd548eb6e4e8a,Mintify,1131,0.0026064994272134196,161,True
lNJHwxmG3SQnN5oVhrvAlg0Trq3FhPneMtpZsxsZTf4=,0x34521bed3b3eb4c08223fb87b6fcc64718d994bc3312c13522a67b90fbfd1df6,Vexy Marketplace,1113,0.015117758274693067,71,True
0L11pj/6WGXOemNtNgE7vay5aRrGaEJ9WPG5YP9Xts4=,0x55c2b578a1e34fbbc872dd8736b8e7dda4c87d12522db966f1bf3e75af900f13,WorldPot,1033,0.7976730734026289,76,True
0MI7/f1TFue+ihXO4T7BeNCz3YWUeQH5klAKwkuswco=,0xf53963670e53dd0b7717dcee2cc92b370893944b742ac438a7d0da563d9209bd,InfoFinance,1033,0.7976730734026289,76,True
Xzb9b2TdqUM/CJUWu6xWhJhaTUGjZxm3Z4IsCr9843Y=,0xd81fa9e87a999faa70214d7981f6b85f3ea0c7922db0cc91a83552e208f0ec8f,Garden,799,0.0004980808397203182,82,False
VfLg5FUUvCRX9k5znTGIGC6VnzSTnWNR+8/bCGthTLg=,0x6ec3da9a1972c6c48d829c695169fa6fba52abc81ddd74577885fef92d5b0fdd,Producer Protocol,761,0.0044790645289496155,91,False
rAAwgZoi1GhOcPv+YrAtfPGrISW9z5/RFiLWj/YQI3U=,0x3cd7461bfc56982b9e128172617cf423fa76bab573f0f29155963d076214b3fb,Nexart,604,0.000764802424121626,20,False
usDyvf5/FbrSIBD+zIg7Gl4TGIe3HiKC7H8gXOLfNB0=,0x4243a08e8c46ffd7c6249ef02baf09b98dd2c086a25ddf76f723b82b3c93b71f,Virtualia Magazine,521,0.03553499874531034,94,False
tnIsq+BWiIkXbY18UI8L609BBs89EO4o+MJ3+hmFsAA=,0x9e50828e261179c6d1a5c107c7c2c16907b4b529fef416f64af781c5b2ff29d1,Amazing Hunt,438,5.554646826163301e-05,98,False
Z+CzwCk+hEU6w5h9+AuRi76L3rlOtKJe5mTt56CK/D4=,0xe329147afe5f04d45a1ba005819ef75b36136576aff042b0714ba793f0727938,Poopzter,421,1.3677973931978e-05,12,False
iMLtNGxl570+RXnqdRC64uLu7ZtFLxImZ5Bj1zIEVls=,0x156641d6720964c32e4491c0deaf83a424ec3af5e7df8cc0c93a794e5205a7e0,Harvest.art,320,0.0016809766808303763,41,False
YQs1yyGOSRlEd1a+Rrg179+4RuUlQOCLs+3LHa48xco=,0x959c370aa6c127bdd45ba3fcf97242457ac09f0e3e12457b01f345bd10843c1c,ArtGridz,271,0.006559552283823502,44,False
K8y2l5sctus7C4k9W4DfdC+e1OC01pqrvTROnUpMkgk=,0x8997fa34367532a9072ca36c424498162980303a8d36fc49d58c5ac7daac9311,VRNouns,215,0.00012420055284767,83,False
NgoVNxiNTOzlsAv1ChtyIaJk2GnReYxexUZDOQJq4aU=,0x935315db8c17993464cfb28337442ad60c6cd434305130a1d5d898e92d6d8123,Trash NFTs,202,1.4202243982138e-05,22,False
OF1V6dVTQOyDRB5uGdm4yvqv6vkP4TlM22Q/wyrZUZI=,0x8f4ac538c2ad2092565a751354d1f11edf4eb3c1ab435de677d2545249f2b744,Fabrii2K,172,0.00042212257124544204,39,False
aNhyehLsAzSQBB7YpgCEMakacyYBkWYdTCGPZfx0k4A=,0xd9e05cb172f09b2388777f07807d40f8b5e90c0712d072f7a88ee4e25b64964d,Pizza People,156,7.783658057742201e-05,71,False
12zkxLUMRU5rtnRi6MToafW1bkyD3yn/ksFVk/OE3+0=,0xee345ddf96e54920ab4b32bf055b6324ca49dcce0063787137557de0a3b20d35,F1337,129,0.000256538529567261,35,False
co0ICqxqrmJ9a1EsZhd2V7DDmDv1pfaIAxANttA9fBw=,0xc42d914c33ae90e388d0129dfcb43b0dcfe66272876b636830b9556d492f1a45,Mugen Craft,129,0.00025653852956726103,35,False
8Y5qG9yF+MFlTqxjDUfp0DOCIFutLjdvd6uwdZk+X2c=,0x5316b19c17eba417d70b924baa6a1c467b14069968424d14fcf1409f2a308873,Bored Town Launchpad,115,7.4010753193509996e-06,59,False
zCbuxTOy64SbO/+l0E7LtLS2VMhiw+1o0eedXw2s/ao=,0x991062ec81edb818a542e45d7c142cc62bc06e68b582273bd2ae1b037c2d6791,Titan Layer,104,0.00083080247478539,7,False
rb2UtsHsdjrP44lrniVF9ja6m62SEPB0g39/O2m53U4=,0xb6a587b5b85b1c70847442e3b4a84cecfb55aedd286628a85fbb12770ceb7018,Travenesia,82,9.475796459867901e-05,59,False
LLK6remJzmNWYHJv5LsqViPMz+6FR4LML+t1E9V62WQ=,0xdd5998cc29bcd164fe277beb1e64f1fb28390886bc736a218fca0369537c719f,Records.xyz,70,0.00071493620018856,16,False
uYpXuxpTb33CBu9QsVmK2iE/4d47wpn9hHED3hEQRi4=,0xab21a3e2428a81b96eff96f345efe5e2673d8188c15d1346a5829d4f4fa5f3e5,Fundit.Fun,14,0.000324185038614699,2,False
SUaETe9RSmxA6e5SBseHYYZJylEoxPRSMrdjhHoh55I=,0x92f33d0611c514cafbf54780ec7925a6080a37a192683444c30116cb099d95e7,PinSave,7,2.46352020024e-07,5,False
l5R8VhuGljmAaJZbVxKmOQ0h8aTto0g65DPnCYacImA=,0xe213e0d7df743186f1126dac21a320206119e723ac8818305674df67b87acfe6,Weedies,5,3.988957339727e-06,4,False
xDRo2+S7WjK/AMe32Fs5FunH68jlGtLwlNi3XLr3Bmo=,0x8b68de43c7584b5089fb1308c6a24a682dd9b710f3874874106335f97a5c6e84,Test,4,6.099797228e-07,2,False
fUkDvtE6aGHLHs9dfhp8rzhhzh7uintrSaO61/OVooU=,0x2cb7fb23e5d066f65a80a09b2eab34d76bbac06de1af16c31dcf2e54119639c3,Smellcheckmate,3,0.013750012535693,1,False
514s67lKQTp5eW88EJW1fw6fMnCv2Gi3f1c+c36aHjk=,0x59fcf753703c0f32c9d601b7f0071304819e832262efc0c0903f932bb586d10b,youbuidl,2,2.80359995208e-07,2,False
